{"camera_rotation": 3, "camera_flip": 1, "aasdg_privet_ne_smotry": 21, "red_range": [[0, 0, 95], [76, 70, 255]], "blue_range": [[81, 0, 0], [255, 108, 68]], "ball_area": [65, 267, 630, 1007], "robot_area": [622, 270, 715, 1017], "push_line": [708, 262, 698, 1006], "cm_koef": 0.178, "camera_matrix": [[1559.9758998885402, 0.0, 633.0356011403578], [0.0, 1652.4625319691218, 292.31066803892344], [0.0, 0.0, 1.0]], "dist_coefs": [[0.5870815874688392, -6.299663399382859, 0.009368017844564362, 0.0014198295701605716, 19.015728159577005]]}